_ab_source_file_last_modified,_ab_source_file_url
2024-06-03T15:13:42.000000Z,iso_country_keys.csv
2024-06-03T15:13:42.000000Z,iso_country_keys.csv
2024-06-03T15:13:42.000000Z,iso_country_keys.csv
2024-06-03T15:13:42.000000Z,iso_country_keys.csv
2024-06-03T15:13:42.000000Z,iso_country_keys.csv
2024-06-03T15:13:42.000000Z,iso_country_keys.csv
2024-06-03T15:13:42.000000Z,iso_country_keys.csv
2024-06-03T15:13:42.000000Z,iso_country_keys.csv
2024-06-03T15:13:42.000000Z,iso_country_keys.csv
2024-06-03T15:13:42.000000Z,iso_country_keys.csv
2024-06-03T15:13:42.000000Z,iso_country_keys.csv
2024-06-03T15:13:42.000000Z,iso_country_keys.csv
2024-06-03T15:13:42.000000Z,iso_country_keys.csv
2024-06-03T15:13:42.000000Z,iso_country_keys.csv
2024-06-03T15:13:42.000000Z,iso_country_keys.csv
2024-06-03T15:13:42.000000Z,iso_country_keys.csv
2024-06-03T15:13:42.000000Z,iso_country_keys.csv
2024-06-03T15:13:42.000000Z,iso_country_keys.csv
2024-06-03T15:13:42.000000Z,iso_country_keys.csv
2024-06-03T15:13:42.000000Z,iso_country_keys.csv
2024-06-03T15:13:42.000000Z,iso_country_keys.csv
2024-06-03T15:13:42.000000Z,iso_country_keys.csv
2024-06-03T15:13:42.000000Z,iso_country_keys.csv
2024-06-03T15:13:42.000000Z,iso_country_keys.csv
2024-06-03T15:13:42.000000Z,iso_country_keys.csv
2024-06-03T15:13:42.000000Z,iso_country_keys.csv
2024-06-03T15:13:42.000000Z,iso_country_keys.csv
2024-06-03T15:13:42.000000Z,iso_country_keys.csv
2024-06-03T15:13:42.000000Z,iso_country_keys.csv
2024-06-03T15:13:42.000000Z,iso_country_keys.csv
2024-06-03T15:13:42.000000Z,iso_country_keys.csv
2024-06-03T15:13:42.000000Z,iso_country_keys.csv
2024-06-03T15:13:42.000000Z,iso_country_keys.csv
2024-06-03T15:13:42.000000Z,iso_country_keys.csv
2024-06-03T15:13:42.000000Z,iso_country_keys.csv
2024-06-03T15:13:42.000000Z,iso_country_keys.csv
2024-06-03T15:13:42.000000Z,iso_country_keys.csv
2024-06-03T15:13:42.000000Z,iso_country_keys.csv
2024-06-03T15:13:42.000000Z,iso_country_keys.csv
2024-06-03T15:13:42.000000Z,iso_country_keys.csv
2024-06-03T15:13:42.000000Z,iso_country_keys.csv
2024-06-03T15:13:42.000000Z,iso_country_keys.csv
2024-06-03T15:13:42.000000Z,iso_country_keys.csv
2024-06-03T15:13:42.000000Z,iso_country_keys.csv
2024-06-03T15:13:42.000000Z,iso_country_keys.csv
2024-06-03T15:13:42.000000Z,iso_country_keys.csv
2024-06-03T15:13:42.000000Z,iso_country_keys.csv
2024-06-03T15:13:42.000000Z,iso_country_keys.csv
2024-06-03T15:13:42.000000Z,iso_country_keys.csv
2024-06-03T15:13:42.000000Z,iso_country_keys.csv
2024-06-03T15:13:42.000000Z,iso_country_keys.csv
2024-06-03T15:13:42.000000Z,iso_country_keys.csv
2024-06-03T15:13:42.000000Z,iso_country_keys.csv
2024-06-03T15:13:42.000000Z,iso_country_keys.csv
2024-06-03T15:13:42.000000Z,iso_country_keys.csv
2024-06-03T15:13:42.000000Z,iso_country_keys.csv
2024-06-03T15:13:42.000000Z,iso_country_keys.csv
2024-06-03T15:13:42.000000Z,iso_country_keys.csv
2024-06-03T15:13:42.000000Z,iso_country_keys.csv
2024-06-03T15:13:42.000000Z,iso_country_keys.csv
2024-06-03T15:13:42.000000Z,iso_country_keys.csv
2024-06-03T15:13:42.000000Z,iso_country_keys.csv
2024-06-03T15:13:42.000000Z,iso_country_keys.csv
2024-06-03T15:13:42.000000Z,iso_country_keys.csv
2024-06-03T15:13:42.000000Z,iso_country_keys.csv
2024-06-03T15:13:42.000000Z,iso_country_keys.csv
2024-06-03T15:13:42.000000Z,iso_country_keys.csv
2024-06-03T15:13:42.000000Z,iso_country_keys.csv
2024-06-03T15:13:42.000000Z,iso_country_keys.csv
2024-06-03T15:13:42.000000Z,iso_country_keys.csv
2024-06-03T15:13:42.000000Z,iso_country_keys.csv
2024-06-03T15:13:42.000000Z,iso_country_keys.csv
2024-06-03T15:13:42.000000Z,iso_country_keys.csv
2024-06-03T15:13:42.000000Z,iso_country_keys.csv
2024-06-03T15:13:42.000000Z,iso_country_keys.csv
2024-06-03T15:13:42.000000Z,iso_country_keys.csv
2024-06-03T15:13:42.000000Z,iso_country_keys.csv
2024-06-03T15:13:42.000000Z,iso_country_keys.csv
2024-06-03T15:13:42.000000Z,iso_country_keys.csv
2024-06-03T15:13:42.000000Z,iso_country_keys.csv
2024-06-03T15:13:42.000000Z,iso_country_keys.csv
2024-06-03T15:13:42.000000Z,iso_country_keys.csv
2024-06-03T15:13:42.000000Z,iso_country_keys.csv
2024-06-03T15:13:42.000000Z,iso_country_keys.csv
2024-06-03T15:13:42.000000Z,iso_country_keys.csv
2024-06-03T15:13:42.000000Z,iso_country_keys.csv
2024-06-03T15:13:42.000000Z,iso_country_keys.csv
2024-06-03T15:13:42.000000Z,iso_country_keys.csv
2024-06-03T15:13:42.000000Z,iso_country_keys.csv
2024-06-03T15:13:42.000000Z,iso_country_keys.csv
2024-06-03T15:13:42.000000Z,iso_country_keys.csv
2024-06-03T15:13:42.000000Z,iso_country_keys.csv
2024-06-03T15:13:42.000000Z,iso_country_keys.csv
2024-06-03T15:13:42.000000Z,iso_country_keys.csv
2024-06-03T15:13:42.000000Z,iso_country_keys.csv
2024-06-03T15:13:42.000000Z,iso_country_keys.csv
2024-06-03T15:13:42.000000Z,iso_country_keys.csv
2024-06-03T15:13:42.000000Z,iso_country_keys.csv
2024-06-03T15:13:42.000000Z,iso_country_keys.csv
2024-06-03T15:13:42.000000Z,iso_country_keys.csv
2024-06-03T15:13:42.000000Z,iso_country_keys.csv
2024-06-03T15:13:42.000000Z,iso_country_keys.csv
2024-06-03T15:13:42.000000Z,iso_country_keys.csv
2024-06-03T15:13:42.000000Z,iso_country_keys.csv
2024-06-03T15:13:42.000000Z,iso_country_keys.csv
2024-06-03T15:13:42.000000Z,iso_country_keys.csv
2024-06-03T15:13:42.000000Z,iso_country_keys.csv
2024-06-03T15:13:42.000000Z,iso_country_keys.csv
2024-06-03T15:13:42.000000Z,iso_country_keys.csv
2024-06-03T15:13:42.000000Z,iso_country_keys.csv
2024-06-03T15:13:42.000000Z,iso_country_keys.csv
2024-06-03T15:13:42.000000Z,iso_country_keys.csv
2024-06-03T15:13:42.000000Z,iso_country_keys.csv
2024-06-03T15:13:42.000000Z,iso_country_keys.csv
2024-06-03T15:13:42.000000Z,iso_country_keys.csv
2024-06-03T15:13:42.000000Z,iso_country_keys.csv
2024-06-03T15:13:42.000000Z,iso_country_keys.csv
2024-06-03T15:13:42.000000Z,iso_country_keys.csv
2024-06-03T15:13:42.000000Z,iso_country_keys.csv
2024-06-03T15:13:42.000000Z,iso_country_keys.csv
2024-06-03T15:13:42.000000Z,iso_country_keys.csv
2024-06-03T15:13:42.000000Z,iso_country_keys.csv
2024-06-03T15:13:42.000000Z,iso_country_keys.csv
2024-06-03T15:13:42.000000Z,iso_country_keys.csv
2024-06-03T15:13:42.000000Z,iso_country_keys.csv
2024-06-03T15:13:42.000000Z,iso_country_keys.csv
2024-06-03T15:13:42.000000Z,iso_country_keys.csv
2024-06-03T15:13:42.000000Z,iso_country_keys.csv
2024-06-03T15:13:42.000000Z,iso_country_keys.csv
2024-06-03T15:13:42.000000Z,iso_country_keys.csv
2024-06-03T15:13:42.000000Z,iso_country_keys.csv
2024-06-03T15:13:42.000000Z,iso_country_keys.csv
2024-06-03T15:13:42.000000Z,iso_country_keys.csv
2024-06-03T15:13:42.000000Z,iso_country_keys.csv
2024-06-03T15:13:42.000000Z,iso_country_keys.csv
2024-06-03T15:13:42.000000Z,iso_country_keys.csv
2024-06-03T15:13:42.000000Z,iso_country_keys.csv
2024-06-03T15:13:42.000000Z,iso_country_keys.csv
2024-06-03T15:13:42.000000Z,iso_country_keys.csv
2024-06-03T15:13:42.000000Z,iso_country_keys.csv
2024-06-03T15:13:42.000000Z,iso_country_keys.csv
2024-06-03T15:13:42.000000Z,iso_country_keys.csv
2024-06-03T15:13:42.000000Z,iso_country_keys.csv
2024-06-03T15:13:42.000000Z,iso_country_keys.csv
2024-06-03T15:13:42.000000Z,iso_country_keys.csv
2024-06-03T15:13:42.000000Z,iso_country_keys.csv
2024-06-03T15:13:42.000000Z,iso_country_keys.csv
2024-06-03T15:13:42.000000Z,iso_country_keys.csv
2024-06-03T15:13:42.000000Z,iso_country_keys.csv
2024-06-03T15:13:42.000000Z,iso_country_keys.csv
2024-06-03T15:13:42.000000Z,iso_country_keys.csv
2024-06-03T15:13:42.000000Z,iso_country_keys.csv
2024-06-03T15:13:42.000000Z,iso_country_keys.csv
2024-06-03T15:13:42.000000Z,iso_country_keys.csv
2024-06-03T15:13:42.000000Z,iso_country_keys.csv
2024-06-03T15:13:42.000000Z,iso_country_keys.csv
2024-06-03T15:13:42.000000Z,iso_country_keys.csv
2024-06-03T15:13:42.000000Z,iso_country_keys.csv
2024-06-03T15:13:42.000000Z,iso_country_keys.csv
2024-06-03T15:13:42.000000Z,iso_country_keys.csv
2024-06-03T15:13:42.000000Z,iso_country_keys.csv
2024-06-03T15:13:42.000000Z,iso_country_keys.csv
2024-06-03T15:13:42.000000Z,iso_country_keys.csv
2024-06-03T15:13:42.000000Z,iso_country_keys.csv
2024-06-03T15:13:42.000000Z,iso_country_keys.csv
2024-06-03T15:13:42.000000Z,iso_country_keys.csv
2024-06-03T15:13:42.000000Z,iso_country_keys.csv
2024-06-03T15:13:42.000000Z,iso_country_keys.csv
2024-06-03T15:13:42.000000Z,iso_country_keys.csv
2024-06-03T15:13:42.000000Z,iso_country_keys.csv
2024-06-03T15:13:42.000000Z,iso_country_keys.csv
2024-06-03T15:13:42.000000Z,iso_country_keys.csv
2024-06-03T15:13:42.000000Z,iso_country_keys.csv
2024-06-03T15:13:42.000000Z,iso_country_keys.csv
2024-06-03T15:13:42.000000Z,iso_country_keys.csv
2024-06-03T15:13:42.000000Z,iso_country_keys.csv
2024-06-03T15:13:42.000000Z,iso_country_keys.csv
2024-06-03T15:13:42.000000Z,iso_country_keys.csv
2024-06-03T15:13:42.000000Z,iso_country_keys.csv
2024-06-03T15:13:42.000000Z,iso_country_keys.csv
2024-06-03T15:13:42.000000Z,iso_country_keys.csv
2024-06-03T15:13:42.000000Z,iso_country_keys.csv
2024-06-03T15:13:42.000000Z,iso_country_keys.csv
2024-06-03T15:13:42.000000Z,iso_country_keys.csv
2024-06-03T15:13:42.000000Z,iso_country_keys.csv
2024-06-03T15:13:42.000000Z,iso_country_keys.csv
2024-06-03T15:13:42.000000Z,iso_country_keys.csv
2024-06-03T15:13:42.000000Z,iso_country_keys.csv
2024-06-03T15:13:42.000000Z,iso_country_keys.csv
2024-06-03T15:13:42.000000Z,iso_country_keys.csv
2024-06-03T15:13:42.000000Z,iso_country_keys.csv
2024-06-03T15:13:42.000000Z,iso_country_keys.csv
2024-06-03T15:13:42.000000Z,iso_country_keys.csv
2024-06-03T15:13:42.000000Z,iso_country_keys.csv
2024-06-03T15:13:42.000000Z,iso_country_keys.csv
2024-06-03T15:13:42.000000Z,iso_country_keys.csv
2024-06-03T15:13:42.000000Z,iso_country_keys.csv
2024-06-03T15:13:42.000000Z,iso_country_keys.csv
2024-06-03T15:13:42.000000Z,iso_country_keys.csv
2024-06-03T15:13:42.000000Z,iso_country_keys.csv
2024-06-03T15:13:42.000000Z,iso_country_keys.csv
2024-06-03T15:13:42.000000Z,iso_country_keys.csv
2024-06-03T15:13:42.000000Z,iso_country_keys.csv
2024-06-03T15:13:42.000000Z,iso_country_keys.csv
2024-06-03T15:13:42.000000Z,iso_country_keys.csv
2024-06-03T15:13:42.000000Z,iso_country_keys.csv
2024-06-03T15:13:42.000000Z,iso_country_keys.csv
2024-06-03T15:13:42.000000Z,iso_country_keys.csv
2024-06-03T15:13:42.000000Z,iso_country_keys.csv
2024-06-03T15:13:42.000000Z,iso_country_keys.csv
2024-06-03T15:13:42.000000Z,iso_country_keys.csv
2024-06-03T15:13:42.000000Z,iso_country_keys.csv
2024-06-03T15:13:42.000000Z,iso_country_keys.csv
2024-06-03T15:13:42.000000Z,iso_country_keys.csv
2024-06-03T15:13:42.000000Z,iso_country_keys.csv
2024-06-03T15:13:42.000000Z,iso_country_keys.csv
2024-06-03T15:13:42.000000Z,iso_country_keys.csv
2024-06-03T15:13:42.000000Z,iso_country_keys.csv
2024-06-03T15:13:42.000000Z,iso_country_keys.csv
2024-06-03T15:13:42.000000Z,iso_country_keys.csv
2024-06-03T15:13:42.000000Z,iso_country_keys.csv
2024-06-03T15:13:42.000000Z,iso_country_keys.csv
2024-06-03T15:13:42.000000Z,iso_country_keys.csv
2024-06-03T15:13:42.000000Z,iso_country_keys.csv
2024-06-03T15:13:42.000000Z,iso_country_keys.csv
2024-06-03T15:13:42.000000Z,iso_country_keys.csv
2024-06-03T15:13:42.000000Z,iso_country_keys.csv
2024-06-03T15:13:42.000000Z,iso_country_keys.csv
2024-06-03T15:13:42.000000Z,iso_country_keys.csv
2024-06-03T15:13:42.000000Z,iso_country_keys.csv
2024-06-03T15:13:42.000000Z,iso_country_keys.csv
2024-06-03T15:13:42.000000Z,iso_country_keys.csv
2024-06-03T15:13:42.000000Z,iso_country_keys.csv
2024-06-03T15:13:42.000000Z,iso_country_keys.csv
2024-06-03T15:13:42.000000Z,iso_country_keys.csv
2024-06-03T15:13:42.000000Z,iso_country_keys.csv
2024-06-03T15:13:42.000000Z,iso_country_keys.csv
2024-06-03T15:13:42.000000Z,iso_country_keys.csv
2024-06-03T15:13:42.000000Z,iso_country_keys.csv
2024-06-03T15:13:42.000000Z,iso_country_keys.csv
2024-06-03T15:13:42.000000Z,iso_country_keys.csv
2024-06-03T15:13:42.000000Z,iso_country_keys.csv
2024-06-03T15:13:42.000000Z,iso_country_keys.csv
